{
  "train_loss": [
    0.4144083363038522,
    0.3753652345251154,
    0.3232891347673204
  ],
  "val_loss": [
    0.3913910256491767,
    0.341074221001731,
    0.29314768226058396
  ],
  "best_epoch": 3,
  "best_val_loss": 0.29314768226058396,
  "elapsed_seconds": 5.632776498794556,
  "total_epochs": 3,
  "peak_cpu_mem_mb": 2.0603342056274414,
  "peak_gpu_mem_mb": NaN
}