{
  "train_loss": [
    0.5271652239340323,
    0.340055415586189
  ],
  "val_loss": [
    0.3484327808574394,
    0.3036111215750376
  ],
  "best_epoch": 2,
  "best_val_loss": 0.3036111215750376,
  "elapsed_seconds": 0.36620116233825684,
  "total_epochs": 2,
  "peak_cpu_mem_mb": 896.01171875,
  "peak_gpu_mem_mb": NaN
}