{
  "train_loss": [
    0.40596340563562183,
    0.3221129176793275
  ],
  "val_loss": [
    0.34809699941564487,
    0.28665136849438705
  ],
  "best_epoch": 2,
  "best_val_loss": 0.28665136849438705,
  "elapsed_seconds": 0.5124046802520752,
  "total_epochs": 2,
  "peak_cpu_mem_mb": 896.02734375,
  "peak_gpu_mem_mb": NaN
}