model_loss,mean_ari,mean_sil,mean_recon
scvi:nb,0.261604292874326,0.18380661308765409,276.4321568806966
ae:nb,0.00699303300861245,0.6877969801425934,0.20978182357941716
