formula,r2,rmse,param_a,param_b
power,0.9465821685701895,1.0895241716742476,0.0004906887317708415,4.065163710405877
linear,0.75,2.357022603955158,1.25,-4.666666666666665
sqrt,0.6816797387653637,2.659658546316034,6.492880197332535,-12.614131896132578
logk,0.6108229873921753,2.9408124826230697,8.122228087856428,-10.77749210588076
