formula,param_a,param_b,r2,rmse
linear,0.03364393530253655,4.596685061455832,0.2920579891187065,3.263042727831595
power,2.010838365432144,0.3226144675837879,0.37042622904218026,3.0771398270481
sqrt,0.6370427133282931,2.3383239128752087,0.34939645074382786,3.1281108325653726
logk,2.505992299309797,-2.2263620708327663,0.40227099146556,2.9983069036304433
